km_driven,selling_price
70000,60000
50000,135000
100000,600000
46000,250000
141000,450000
125000,140000
25000,550000
60000,240000
25000,850000
78000,365000
35000,260000
100000,250000
25000,1650000
70000,60000
50000,135000
100000,600000
46000,250000
141000,450000
125000,140000
25000,550000
60000,240000
25000,850000
78000,365000
35000,260000
100000,250000
25000,1650000
24000,585000
5000,1195000
33000,390000
28000,1964999
59000,1425000
4500,975000
175900,1190000
14500,930000
15000,525000
50000,1735000
33800,1375000
130400,450000
50000,900000
80000,1300000
10000,1400000
119000,850000
60000,229999
75800,1550000
78000,1250000
40000,625000
50000,1050000
74000,560000
64000,290000
60000,275000
120000,411000
79000,150000
15000,500000
80000,100000
18500,725000
10200,401000
29000,750000
28000,310000
46000,665000
70000,465000
60000,160000
35000,250000
90000,675000
80000,300000
80000,70000
73300,240000
92000,525000
66764,151000
100000,140000
350000,280000
230000,350000
60000,570000
31000,300000
39000,100000
120000,500000
166000,125000
110000,130000
35000,925000
60000,750000
54000,200000
63000,248000
120000,450000
120000,80000
76000,650000
80000,450000
25000,650000
11958,495000
20000,371000
9000,1025000
6500,8150000
70000,750000
120000,600000
58000,80000
62200,325000
34000,1470000
53000,350000
49000,2800000
15000,210000
50000,450000
53000,1150000
63500,210000
9800,4500000
13000,2750000
21000,1975000
29173,175000
48000,2500000
120000,628000
100000,600000
30000,399000
87000,750000
15000,750000
16000,315000
60000,600000
60000,100000
110000,250000
25000,350000
60000,780000
79350,434000
80000,690000
90000,555000
90000,120000
120000,500000
60000,165000
50000,95000
20000,550000
110000,100000
50000,100000
100000,500000
70000,800000
70000,840000
50000,490000
81000,125000
120000,400000
3600,1000000
14272,530000
49213,840000
40000,229999
40000,40000
80000,130000
70000,200000
70000,120000
57000,75000
120000,250000
30000,100000
3240,280000
5000,540000
10000,700000
100000,525000
80000,430000
70000,65000
35000,800000
114000,75000
53772,210000
140000,195000
120000,400000
60000,170000
25000,225000
90000,210000
120000,240000
175000,300000
100000,99000
36000,620000
30000,500000
40000,2550000
70000,260000
60000,550000
155500,150000
50000,350000
40000,320000
100000,400000
80000,175000
90000,120000
90000,320000
110000,70000
15000,810000
100000,95000
40000,282000
60000,80000
25000,72000
25000,600000
23000,640000
22155,380000
70000,650000
60000,150000
110000,280000
30000,430000
15000,800000
100000,75000
70000,650000
24000,390000
120000,100000
35000,1500000
78380,175000
110000,434999
90000,170000
90000,190000
150000,250000
230000,229999
70000,140000
80362,600000
110000,280000
60000,150000
50000,650000
40000,210000
40000,2900000
20000,425000
55000,265000
1136,890000
55000,365000
43000,350000
60000,685000
2650,940000
40000,1000000
15000,1150000
115962,450000
65000,590000
40000,800000
58000,385000
15000,2000000
54000,235000
56000,640000
120000,52000
90000,80000
70000,140000
90000,120000
213000,89999
120000,180000
20000,1500000
10000,700000
80000,285000
90000,390000
80000,125000
60000,225000
139000,175000
160000,1075000
150000,300000
163000,700000
120000,90000
120000,120000
100000,220000
140000,300000
87000,180000
70000,170000
50000,300000
70000,1050000
150000,300000
25000,465000
80000,130000
10000,434999
32000,500000
10000,200000
52000,625000
120000,110000
11240,800000
66000,490000
64000,880000
49000,290000
100000,115999
26500,360000
100000,65000
72000,685000
50000,300000
44000,680000
60000,1000000
120000,100000
130000,160000
70000,450000
20000,600000
60000,180000
195000,100000
90000,120000
80000,130000
155000,160000
35000,860000
20000,650000
80000,100000
20000,282000
50000,300000
110000,270000
29000,550000
120000,450000
70000,430000
40000,350000
20000,350000
50000,229999
50000,110000
49000,395000
70000,650000
90000,350000
25000,1400000
4000,360000
10000,1300000
15000,800000
30000,229999
41000,315000
28000,125000
16000,700000
70000,160000
10832,530000
14681,624000
50000,250000
51000,585000
25000,500000
30000,350000
80000,495000
50000,500000
200000,430000
44000,345000
10000,500000
19600,425000
40000,80000
50000,106000
46730,180000
40000,250000
80000,350000
80000,60000
24000,900000
21170,700000
167223,2000000
40000,1000000
60000,1375000
141440,1800000
120000,160000
140000,525000
212814,850000
30000,800000
88635,700000
25000,800000
20000,575000
110000,350000
120000,250000
149674,600000
100000,370000
120000,80000
120000,50000
25000,900000
35000,300000
40000,125000
60000,490000
50000,300000
25000,55000
25000,350000
8000,755000
60000,720000
200000,229999
20000,1100000
100000,400000
70000,350000
68000,159000
38000,550000
80000,335000
72000,185000
75000,229999
43000,225000
120000,250000
100000,400000
163000,470000
25000,300000
25000,145000
90000,100000
70000,500000
98000,130000
81925,240000
80000,150000
40000,270000
90000,400000
46000,200000
80000,550000
35000,325000
82080,860000
200000,600000
70000,125000
40000,60000
120000,300000
60000,190000
110000,400000
97000,260000
30000,400000
40000,250000
10000,600000
52047,175000
200000,450000
15000,350000
50000,800000
70000,250000
10000,600000
90000,600000
40000,130000
62009,90000
33100,595000
40000,190000
120000,50000
80000,95000
70000,1000000
220000,220000
50000,400000
45000,315000
110000,1000000
49000,500000
35000,1600000
160000,500000
180000,70000
60000,105000
110000,400000
60000,80000
30000,300000
40000,409999
70000,250000
120000,250000
80000,215000
120000,1400000
20000,475000
22000,475000
35000,75000
120000,200000
8000,575000
40000,150000
10000,850000
30000,350000
54000,550000
80577,330000
25000,1044999
127500,300000
40903,235000
60000,120000
46000,130000
22288,275000
180000,270000
30000,500000
61690,400000
64484,600000
90000,1350000
75976,400000
70000,220000
85962,300000
120000,250000
120000,600000
75000,285000
57035,350000
70000,170000
45000,229999
72104,500000
15000,75000
30000,600000
80000,220000
164000,150000
124439,65000
77000,120000
90000,240000
30000,390000
50000,180000
80000,320000
5000,310000
24000,420000
10000,550000
78000,550000
50000,760000
100000,43000
20000,250000
1250,500000
17152,380000
5000,1850000
77000,350000
90000,195000
80000,225000
65000,1125000
80000,133000
24005,200000
20000,940000
120000,400000
120000,120000
80000,625000
80000,110000
100000,490000
120000,140000
149000,175000
65000,90000
100000,275000
65000,300000
19000,270000
80000,130000
30000,275000
109000,352000
90000,180000
90000,150000
65000,300000
110000,300000
120000,225000
44000,600000
80000,500000
5000,900000
61000,600000
100000,450000
27633,270000
100000,310000
100000,250000
12586,700000
38083,650000
55328,400000
81632,425000
155201,600000
93283,600000
217871,300000
90165,450000
101504,750000
86017,325000
85036,900000
91086,180000
160254,350000
125531,600000
60000,900000
100000,350000
90000,280000
120000,225000
82000,520000
60000,509999
24000,556000
120000,225000
65000,325000
65000,365000
84000,850000
75000,350000
50000,225000
50000,135000
49000,140000
560000,665000
14365,275000
41000,2750000
65000,484999
65000,565000
61083,425000
75000,925000
72000,565000
65000,525000
55000,1650000
21000,295000
66363,2050000
11700,1475000
10000,1100000
100000,4400000
7104,670000
45974,750000
55340,760000
20000,850000
61585,390000
39415,450000
29654,425000
64672,770000
54634,1150000
66521,775000
23974,1725000
43000,2150000
1000,450000
10000,3800000
86000,1580000
30000,4950000
52600,535000
110000,225000
19890,550000
7104,670000
11918,625000
10510,520000
41000,239000
47162,2600000
45974,750000
49824,229999
58500,1300000
56580,80000
52000,385000
55340,760000
46507,600000
1000,450000
10000,3800000
86000,1580000
30000,4950000
52600,535000
110000,225000
19890,550000
7104,670000
11918,625000
10510,520000
41000,239000
47162,2600000
45974,750000
49824,229999
58500,1300000
56580,80000
52000,385000
55340,760000
46507,600000
1000,450000
10000,3800000
86000,1580000
30000,4950000
52600,535000
110000,225000
19890,550000
7104,670000
11918,625000
10510,520000
41000,239000
47162,2600000
45974,750000
49824,229999
58500,1300000
56580,80000
52000,385000
55340,760000
46507,600000
1000,450000
10000,3800000
86000,1580000
30000,4950000
52600,535000
110000,225000
19890,550000
7104,670000
11918,625000
10510,520000
41000,239000
47162,2600000
45974,750000
49824,229999
58500,1300000
56580,80000
52000,385000
55340,760000
46507,600000
50000,350000
30000,114999
50000,380000
100000,95000
35000,900000
90000,200999
11451,229999
60000,800000
172000,150000
60000,600000
150000,150000
66000,150000
5000,380000
66508,80000
55000,225000
29900,75000
3000,1600000
85000,185000
50000,425000
120000,100000
90000,140000
8000,710000
7900,450000
50000,210000
25000,270000
20000,110000
17500,540000
25000,145000
206500,360000
88600,250000
80000,110000
100000,250000
186000,150000
60000,140000
11000,925000
30000,969999
80000,90000
60000,55000
100000,155000
15000,900000
90000,135000
120000,180000
100000,495000
138000,400000
110000,250000
120000,138000
70000,311000
70000,190000
140000,311000
15000,300000
20000,600000
100000,550000
70000,600000
5000,195000
27974,58000
40000,183000
80000,95000
38000,250000
38000,250000
35000,400000
60000,409999
120000,120000
18000,600000
10000,600000
90000,825000
80000,625000
1400,700000
60000,160000
60000,114999
53000,150000
100000,250000
86000,390000
100000,650000
30000,600000
120000,250000
60000,229999
50000,299000
124000,330000
100000,180000
42000,475000
100000,325000
28205,639000
32670,415000
30093,1199000
56228,525000
59319,425000
39503,699000
35299,325000
51687,275000
76259,269000
44049,399000
45087,475000
41125,249000
42215,1549000
54206,254999
52547,269000
59110,665000
54565,299000
47564,265000
45143,211000
61624,599000
195000,55000
50000,550000
68000,4000000
120000,220000
20000,500000
30000,140000
60000,325000
90000,210000
90000,110000
25000,1200000
40000,229999
110000,225000
132000,165000
10980,525000
20629,325000
50000,1500000
30000,400000
69782,550000
54000,98000
63654,900000
60000,700000
52000,890000
59385,490000
70378,525000
55425,330000
78413,550000
40890,790000
34823,350000
75000,1700000
55545,750000
56541,409999
43700,220000
120000,68000
20000,290000
27483,600000
8000,470000
30000,150000
56207,180000
70000,80000
1440,875000
50000,300000
20000,2800000
91195,1330000
63657,220000
60000,250000
75000,919999
97248,380000
46000,450000
10000,770000
80000,550000
100000,320000
35000,400000
50000,450000
90000,220000
150000,400000
89000,530000
60000,390000
100000,185000
100000,300000
90000,575000
75000,300000
36000,425000
12000,350000
12997,550000
40000,500000
60000,600000
25000,300000
26430,1150000
24600,475000
28481,260000
100000,350000
41988,750000
30375,180000
7658,350000
34400,611000
18500,325000
48000,225000
28942,300000
50000,400000
53600,711000
53652,851000
25000,500000
80000,250000
50000,150000
15000,610000
5000,450000
106000,744000
100000,120000
60000,220000
120000,480000
82000,370000
35000,55000
205000,125000
125000,260000
130000,350000
97000,170000
90000,350000
60000,250000
60000,170000
35000,1300000
25000,550000
15000,400000
20000,120000
20000,120000
70000,275000
90000,285000
80000,900000
79500,2500000
70000,620000
5000,1700000
15000,650000
35000,500000
120000,250000
15000,950000
60000,320000
120000,450000
90000,350000
90000,400000
10000,200000
72000,250000
197000,550000
70000,85000
50000,52000
50000,1200000
60000,450000
40000,615000
60000,400000
40000,60000
9161,500000
45000,600000
110000,110000
80000,175000
100000,325000
90000,425000
70000,160000
80000,100000
110000,390000
50000,400000
5000,509999
90000,150000
120000,110000
80000,450000
38000,400000
120000,140000
90000,130000
50000,160000
60000,150000
100000,500000
19000,40000
200000,140000
70000,227000
50000,285000
19077,155000
30000,210000
80000,140000
128000,940000
80000,750000
100000,610000
50000,450000
56000,409999
21302,100000
10500,300000
107000,400000
60000,210000
120000,90000
70000,222000
50000,240000
70000,450000
1000,450000
10000,3800000
86000,1580000
30000,4950000
52600,535000
110000,225000
19890,550000
7104,670000
11918,625000
10510,520000
41000,239000
47162,2600000
45974,750000
49824,229999
58500,1300000
56580,80000
52000,385000
55340,760000
46507,600000
1000,450000
10000,3800000
86000,1580000
30000,4950000
52600,535000
110000,225000
19890,550000
7104,670000
11918,625000
10510,520000
41000,239000
47162,2600000
45974,750000
49824,229999
58500,1300000
56580,80000
52000,385000
55340,760000
46507,600000
55300,735000
74300,285000
48781,350000
87620,290000
40219,890000
11473,385000
8352,425000
9745,525000
9748,550000
49000,271000
20694,1490000
31080,490000
37605,260000
55850,455000
58850,75000
23839,421000
54000,550000
38000,330000
45454,390000
46957,599000
60000,110000
25000,250000
110000,600000
190000,280000
25000,2700000
90000,80000
5000,350000
60000,475000
1500,4700000
50000,500000
120000,250000
120000,100000
5000,350000
47000,4000000
20000,1900000
120000,95000
58000,409999
35000,1050000
30000,320000
10000,1000000
25000,1770000
20000,950000
50000,750000
42000,220000
50000,1000000
116000,660000
100000,716000
66000,675000
110000,385000
70000,325000
60000,950000
110000,400000
25000,250000
68000,4000000
20000,210000
110000,147000
26350,725000
90000,550000
25000,475000
50000,250000
60000,70000
70000,160000
90000,1000000
70000,68000
26500,500000
60000,170000
35000,1300000
10000,1050000
15000,300000
25000,600000
50000,900000
25000,550000
52000,100000
15000,400000
20000,120000
90000,300000
60000,140000
23000,640000
22155,380000
20000,120000
70000,650000
60000,150000
35000,550000
71042,650000
167870,1025000
133564,195000
10000,3800000
40000,1490000
30000,4950000
23038,1140000
70000,95000
30000,3050000
19890,550000
11918,625000
10510,520000
41000,239000
47162,2600000
49824,229999
58500,1300000
43608,585000
11212,825000
52000,280000
49217,725000
90000,300000
70000,375000
90000,310000
190000,375000
106000,1950000
80000,400000
80000,550000
20000,270000
110000,555000
60000,500000
130000,400000
28838,280000
200000,80000
100000,55000
50000,250000
190000,250000
100000,95000
135000,725000
50000,320000
135000,1200000
50000,160000
19571,790000
29600,1200000
70000,175000
15000,950000
50000,340000
13500,825000
22000,3100000
25000,780000
80000,350000
39000,690000
60000,245000
49000,790000
48600,680000
20000,540000
25000,425000
120000,140000
30000,1100000
35000,715000
86000,1580000
127643,1750000
54000,400000
102354,1750000
62237,1850000
90000,114999
21394,950000
32686,310000
1001,575000
22000,490000
53261,480000
53000,3500000
10000,370000
14000,835000
44000,650000
39895,670000
73000,950000
17000,690000
18591,670000
26766,925000
30000,250000
42000,509999
110000,520000
100000,100000
300000,85000
110000,130000
27620,950000
70000,450000
50000,320000
50000,480000
46000,2490000
82000,790000
120000,120000
80000,75000
70000,99000
20000,1015000
200000,250000
120000,520000
30000,1100000
223000,200000
60000,525000
40000,500000
161327,675000
60000,150000
50000,250000
6000,450000
68000,150000
85000,200000
70000,525000
35000,60000
100000,180000
110000,475000
195000,380000
46000,285000
60000,91200
46000,250000
42000,400000
90000,160000
85000,650000
120000,409999
72000,425000
71000,250000
110000,200000
71000,250000
144000,130000
30000,260000
65000,155000
38000,450000
90000,220000
37000,650000
30000,285000
26000,725000
30000,625000
23000,550000
40000,240000
27000,600000
65000,350000
32000,245000
56000,600000
30000,2400000
80000,620000
52000,395000
13250,635000
36000,180000
73000,484999
60000,110000
60000,150000
110000,400000
70000,200000
60000,302000
90000,215000
80000,155000
101000,1000000
44000,550000
45000,200000
120000,750000
90000,90000
120000,80000
13500,229999
10000,350000
25000,325000
8500,450000
120000,250000
120000,225000
90246,150000
90000,110000
40000,150000
60000,165000
32000,610000
60400,170000
70950,150000
90000,300000
72000,375000
90000,390000
10000,600000
25000,204999
80000,270000
10000,375000
1100,700000
40000,455000
10000,375000
31491,341000
107143,200000
15000,450000
50000,170000
100000,1900000
60000,500000
85000,819999
40000,351000
80000,195000
82000,250000
70000,120000
70000,180000
20000,430000
35000,75000
80000,750000
40000,60000
46412,1500000
150000,390000
50000,630000
15000,1085000
60000,190000
25000,550000
90000,200000
60000,165000
65000,260000
40000,151000
50000,780000
80000,175000
107500,170000
135000,210000
43826,90000
55838,535000
112880,195000
90000,140000
40000,350000
66000,425000
30300,300000
85000,340000
80659,250000
81324,170000
127884,315000
50000,200000
25000,300000
66755,300000
123084,380000
806599,250000
95851,310000
50000,260000
50000,150000
60000,85000
15000,280000
40000,850000
20000,375000
120000,125000
110000,250000
234000,715000
70000,220000
110000,110000
84000,150000
170000,300000
40000,220000
96000,75000
20000,100000
15000,380000
50000,100000
80000,480000
124000,300000
70000,190000
130000,190000
19014,650000
23262,300000
29600,700000
35925,310000
12000,500000
40771,415000
30500,395000
42000,430000
55800,215000
66569,550000
81358,415000
82695,450000
68293,285000
32000,580000
190621,300000
60000,1200000
64700,78000
100000,65000
88470,400000
75000,850000
120000,450000
35000,2500000
70000,780000
57000,3200000
1000,350000
120000,285000
98000,525000
90000,550000
70000,580000
25000,75000
60000,185000
90000,110000
200000,180000
110000,350000
126000,60000
70000,695000
5000,2700000
74183,135000
70000,640000
90000,160000
46000,80000
110000,340000
80000,110000
90000,250000
70000,1300000
1,250000
192000,450000
70000,240000
120000,225000
60000,275000
120000,320000
120000,75000
50000,85000
120000,90000
80000,85000
80000,350000
100000,355000
1500,619000
50000,1700000
100000,55000
83411,95000
120000,300000
83411,81000
80000,1000000
50000,925000
40000,450000
13270,600000
100000,85000
50000,700000
26500,486000
90000,400000
100000,120000
35000,275000
57000,580000
70000,375000
100000,229999
88000,110000
60000,600000
76000,120000
100000,200000
110000,450000
80000,550000
80000,220000
30000,40000
20000,300000
40000,630000
40000,610000
7000,660000
80000,220000
90000,138000
13770,210000
34000,125000
102000,125000
110000,725000
90000,170000
70000,1200000
90000,70000
70000,100000
80000,300000
100000,450000
100000,530000
143000,100000
115000,350000
100000,165000
120000,475000
42000,350000
38000,229999
35000,800000
120000,475000
136906,425000
97000,660000
10000,610000
50000,240000
60000,70000
120000,550000
120000,100000
90000,350000
120000,200000
3000,720000
133000,350000
25000,400000
35000,570000
70000,130000
52000,210000
52000,800000
39000,700000
28689,200000
90000,495000
80322,325000
8000,650000
50000,155000
90000,75000
61658,350000
50000,90000
80000,600000
185000,400000
57000,370000
60000,50000
120000,125000
26000,1800000
20000,650000
30600,800000
5000,802000
35000,2300000
35000,430000
23000,650000
120000,170000
235000,450000
87000,250000
72000,550000
64000,2000000
100000,140000
12000,155000
67000,120000
70000,287000
60000,675000
74500,235000
118700,300000
40000,434999
223660,225000
140000,160000
5000,600000
100000,470000
100000,300000
2000,600000
4000,640000
120000,50000
35000,600000
29000,290000
30000,600000
120000,190000
110000,160000
15000,325000
73756,200000
40000,2800000
60000,125000
60000,155000
90000,550000
70000,130000
70000,80000
80000,500000
27000,250000
70000,580000
50000,60000
185000,300000
90000,200000
16400,1200000
80000,350000
80000,600000
4000,650000
40000,120000
120000,180000
41395,950000
35000,250999
52000,385000
47000,1250000
50000,165000
48000,700000
53000,750000
213000,89999
15000,290000
7000,45000
88000,675000
55000,530000
48000,1485000
71014,325000
60000,400000
71000,380000
45000,750000
45000,390000
20000,110000
14000,1825000
17000,3256000
60000,370000
80000,210000
181000,175000
89550,575000
90000,320000
149500,280000
190000,500000
83000,380000
20000,120000
20000,395000
160000,360000
100000,451000
45000,175000
44800,170000
40000,100000
120000,150000
10000,149000
80000,160000
10000,434999
156000,800000
120000,819999
100000,163000
100000,350000
100000,75000
60000,180000
30000,675000
170000,400000
100000,434999
110000,100000
170000,419000
100000,200000
35000,400000
40000,790000
90000,500000
120000,275000
120000,450000
25000,1400000
15000,800000
41000,315000
16000,700000
51000,585000
30000,350000
80000,495000
50000,500000
44000,345000
10000,500000
33000,360000
25000,210000
66000,220000
48000,250000
146000,990000
100000,220000
50000,1800000
50000,530000
50000,575000
99000,400000
50000,680000
80000,1000000
45000,260000
50000,150000
70000,180000
37516,346000
20000,450000
5000,500000
8000,700000
25880,280000
10000,475000
50000,300000
40000,200999
100000,200000
80000,210000
110000,160000
136000,175000
80000,320000
50000,110000
30000,300000
10000,700000
90000,135000
110000,500000
120000,550000
90000,1050000
20000,500000
90000,180000
50000,170000
9000,484999
70000,150000
25000,380000
10000,480000
90000,135000
60000,290000
70000,350000
25000,110000
80000,70000
70000,300000
60000,180000
20000,300000
60000,509000
80000,650000
70000,450000
2020,170000
100000,210000
80000,360000
120000,495000
100000,105000
60000,270000
110000,130000
90000,700000
40000,400000
60000,250000
94000,325000
100000,69000
25000,1380000
90000,90000
40000,1000000
90000,145000
1100,250000
70000,256000
120000,70000
88500,50000
70000,240000
128000,97000
120000,130000
52536,199000
70000,125000
60000,420000
110000,525000
85000,125000
135000,325000
86000,330000
50000,110000
1950,450000
118400,85000
70000,229999
60000,250000
68000,650000
46507,600000
6480,650000
32077,750000
19107,850000
18469,315000
28217,415000
72787,640000
31063,780000
79641,2595000
58692,850000
54784,900000
64156,1150000
54000,75000
97000,215000
120000,130000
16000,400000
60000,550000
52000,245000
110000,320000
60000,730000
100000,120000
35000,950000
48000,350000
20000,100000
30000,350000
40000,80000
60000,370000
70000,160000
120000,130000
30000,250000
80000,270000
9500,2600000
80000,160000
80000,229999
29000,750000
120000,195000
60000,320000
20000,1100000
22000,270000
50000,300000
50000,200000
81366,120000
110000,95000
100000,400000
300000,229999
20000,430000
90000,300000
70000,350000
120000,450000
53000,200000
30000,250000
90000,368000
90000,368000
244000,650000
120000,150000
60000,180000
15000,525000
150000,350000
30000,850000
312000,350000
54000,75000
67000,160000
40000,500000
100000,130000
100000,350000
80000,70000
145000,750000
53000,450000
73000,430000
90000,260000
80000,370000
100000,229999
90000,140000
200000,700000
7300,545000
30000,200000
120000,500000
90000,70000
25000,580000
70000,160000
6000,450000
36000,160000
49000,760000
22000,300000
35000,50000
24000,800000
20000,680000
50000,85000
70000,1300000
60000,500000
35000,3500000
60000,145000
60000,300000
60000,600000
70000,400000
135000,130000
72539,45000
25000,641000
50000,650000
101,784000
101,635000
101,1000000
52328,495000
30000,324000
91505,2100000
35000,200000
60000,320000
20500,300000
200000,180000
154000,500000
120000,305000
50000,125000
135000,800000
100000,420000
40000,875000
70000,580000
133000,350000
110000,120000
180000,150000
120000,650000
80000,225000
15000,400000
70000,250000
41723,120000
70000,250000
20000,175000
1000,450000
26350,590000
68745,225000
47000,900000
27289,375000
24662,320000
37000,525000
28245,650000
27005,575000
39227,355000
31367,470000
35008,221000
27005,195000
100005,90000
45264,580000
39093,325000
45241,495000
12000,290000
2769,375000
43128,211000
110000,270000
50000,70000
60000,225000
70000,420000
22255,280000
59213,400000
55000,850000
80000,550000
80000,550000
40000,1000000
170000,350000
170000,350000
70000,170000
1010,828999
1010,1119000
1111,746000
1010,1030000
1010,1334000
1010,811999
1010,1331000
1010,852000
120000,45000
70000,430000
60000,140000
70000,830000
110000,409999
80000,190000
80000,200000
110000,120000
50000,850000
115000,95000
80000,213000
25000,660000
48965,415000
5166,1100000
76290,650000
70000,969999
35000,1250000
25000,715000
25000,715000
47000,565000
45766,615000
78771,199000
79357,325000
28000,409999
72000,500000
76736,225000
70000,135000
80000,750000
60000,155000
77000,335000
92645,114999
101849,699000
120000,110000
80000,300000
70000,700000
120000,700000
42000,210000
120000,600000
155836,180000
59000,220000
60000,70000
70000,950000
20000,800000
120000,700000
40000,265000
90000,175000
89000,260000
80000,950000
200000,250000
50000,630000
35000,35000
1000,450000
10000,3800000
86000,1580000
30000,4950000
52600,535000
110000,225000
19890,550000
7104,670000
11918,625000
10510,520000
41000,239000
47162,2600000
45974,750000
49824,229999
58500,1300000
56580,80000
52000,385000
55340,760000
46507,600000
200000,330000
120000,150000
90000,105000
65000,185000
50000,260000
33000,450000
38000,500000
40000,260000
55000,265000
26000,800000
80000,869999
40000,690000
120000,825000
63230,160000
120000,300000
100000,100000
77000,530000
30000,360000
40000,220000
35000,178000
5000,515000
35000,300000
90000,105000
65000,185000
80000,150000
50000,260000
33000,450000
38000,500000
40000,260000
55000,265000
15000,750000
26000,800000
80000,869999
80000,950000
40000,690000
120000,825000
70000,170000
63230,160000
120000,300000
45000,315000
40000,90000
100000,100000
110000,65000
90000,312000
25000,700000
47000,150000
60000,450000
120000,229999
120000,111000
140000,250000
1001,750000
1758,774000
1452,711000
35122,600000
92621,455000
92198,225000
5000,650000
50000,200000
74000,875000
40000,750000
22000,725000
100000,100000
40000,1100000
30000,2700000
23000,280000
30000,150000
50000,200000
100000,148000
70000,254999
60000,360000
90000,95000
230000,185000
40000,185000
15000,300000
40000,800000
50000,60000
50000,80000
8000,500000
35000,250000
80000,250000
50000,125000
80000,100000
90000,480000
30000,320000
70000,130000
80000,57000
60000,75000
35000,60000
70000,125000
100000,105000
152000,125000
70000,69000
90000,130000
40000,630000
50000,330000
15000,340000
120000,60000
78322,550000
110000,480000
80000,315000
120000,165000
125000,170000
8000,550000
13000,465000
80000,120000
54309,220000
70000,180000
34600,150000
25000,520000
80000,430000
55000,300000
5000,1000000
30000,725000
31000,500000
50000,250000
38217,700000
50000,185000
120000,200000
110000,315000
40000,1100000
50000,52000
10000,600000
10000,1700000
100000,451000
60000,370000
30000,2700000
23000,280000
30000,350000
50000,250000
25000,204999
15000,500000
30000,150000
45000,175000
44800,170000
50000,200000
52000,800000
50000,1200000
35000,400000
100000,148000
100000,200000
40000,284000
60000,80000
77000,170000
60000,150000
77073,110000
70000,400000
90000,275000
186000,800000
90000,550000
100000,125000
80000,135000
150000,349000
80000,458000
35000,300000
70000,95000
50000,850000
25000,750000
120000,190000
70000,150000
106000,114999
120000,320000
120000,300000
160000,275000
120000,140000
10000,830000
50000,380000
90000,150000
70000,50000
100000,155000
100000,155000
80000,300000
16584,300000
38000,385000
51000,221000
38000,381000
35000,250999
120000,60000
38000,380000
144000,180000
64000,751000
60000,1250000
65000,229999
24000,1250000
58000,782000
58000,780000
68000,245000
81257,321000
44000,509999
45000,110000
75000,400000
90000,370000
80000,175000
35000,1000000
25000,92800
90000,291000
25000,92800
110000,335000
35000,170000
10000,295000
10000,375000
70000,215000
110000,150000
5000,60000
120000,52000
90000,80000
70000,140000
90000,120000
120000,110000
110000,280000
50000,450000
58000,1150000
15000,650000
60000,300000
57000,73000
87000,400000
70000,300000
30000,300000
80000,450000
100000,200000
40000,580000
3917,550000
160000,190000
35000,450000
70000,220000
69069,310000
13500,650000
59059,300000
70000,200000
39039,285000
33033,335000
55168,370000
41041,375000
67067,235000
66066,345000
82082,365000
48000,400000
30000,250000
70070,465000
10000,300000
25000,655000
30000,350000
50000,500000
63063,465000
70000,263000
90000,250000
90000,60000
90000,70000
30000,250000
80000,229999
120000,195000
22000,270000
140000,650000
80000,370000
40000,509999
33000,280000
40000,180000
10500,300000
107000,400000
60000,210000
120000,90000
70000,222000
50000,240000
70000,450000
6000,650000
78000,200000
72000,210000
9528,75000
135200,450000
58000,220000
78000,325000
45000,450000
35000,825000
76000,125000
100000,434999
99000,484999
80000,175000
120000,220000
1100,1250000
34000,215000
68000,625000
15000,615000
58000,130000
50300,175000
70000,150000
60000,195000
90000,550000
40000,1500000
80000,400000
15000,1350000
45000,217000
130000,290000
80000,700000
40000,175000
80000,575000
100000,380000
151624,350000
160000,450000
110000,130000
74820,320000
82000,550000
50000,370000
70000,114999
1000,1100000
170000,170000
150000,80000
17000,950000
150000,425000
80000,500000
170000,70000
120000,349000
90000,330000
90000,120000
100000,430000
90000,390000
129000,225000
186000,350000
66778,100000
50000,190000
110000,315000
60000,300000
40000,280000
55000,1650000
21000,295000
66363,2050000
11700,1475000
10000,1100000
100000,4400000
7104,670000
45974,750000
55340,760000
20000,850000
61585,390000
39415,450000
29654,425000
64672,770000
54634,1150000
66521,775000
3000,720000
23974,1725000
10000,539000
50000,420000
70000,85000
73000,142000
76000,180000
120000,400000
170000,360000
110000,85000
63400,350000
25000,380000
80000,140000
90000,200000
157000,150000
80000,150000
40000,90000
100000,300000
50000,280000
40000,200000
38500,110000
103921,140000
10000,1050000
14825,1150000
43377,910000
102307,160000
79000,105000
135000,1200000
10500,300000
90000,70000
110000,160000
50000,160000
80000,225000
19571,790000
100000,145000
29600,1200000
20000,930000
30000,210000
154000,110000
70000,175000
15000,950000
40000,650000
51000,550000
120000,85000
50000,340000
13500,825000
35000,509999
1000,450000
10000,3800000
86000,1580000
30000,4950000
52600,535000
110000,225000
19890,550000
7104,670000
11918,625000
10510,520000
41000,239000
47162,2600000
45974,750000
49824,229999
58500,1300000
56580,80000
52000,385000
55340,760000
46507,600000
1000,450000
10000,3800000
86000,1580000
30000,4950000
52600,535000
110000,225000
19890,550000
7104,670000
11918,625000
10510,520000
41000,239000
47162,2600000
45974,750000
49824,229999
58500,1300000
56580,80000
52000,385000
55340,760000
46507,600000
70000,650000
60000,140000
70000,150000
10000,450000
245244,170000
60000,400000
30000,300000
8000,250000
10000,500000
100000,85000
110000,300000
56580,80000
45000,740000
68500,70000
5007,484999
30000,164000
70000,140000
49600,999000
23000,56000
30000,1050000
38000,190000
22000,3899000
43100,235000
10171,350000
41123,465000
20118,1900000
40000,450000
52517,790000
20000,900000
99117,450000
90000,135000
3700,425000
80000,100000
100000,650000
54000,90000
19000,250000
120000,300000
30000,275000
43500,600000
60000,270000
70000,240000
135000,1200000
50000,160000
19571,790000
29600,1200000
70000,175000
15000,950000
50000,340000
13500,825000
22000,3100000
25000,780000
80000,350000
39000,690000
60000,245000
49000,790000
48600,680000
20000,540000
25000,425000
120000,140000
30000,1100000
35000,715000
90000,370000
80000,175000
35000,1000000
25000,92800
90000,291000
25000,92800
20000,350000
60000,65000
58000,650000
40000,350000
70000,75000
70000,440000
60000,270000
135000,1150000
70000,238000
40000,1100000
75000,1200000
150000,260000
140000,350000
70000,480000
137250,345000
110000,500000
27000,595000
9000,1295000
5400,1350000
1000,541000
16000,515000
13000,894999
47000,325000
22000,925000
30000,844999
20000,925000
60000,300000
75000,650000
64000,175000
80000,325000
90000,600000
30000,700000
120000,95000
20000,490000
100000,380000
31000,550000
47000,225000
11200,570000
35000,305000
50000,240000
55000,700000
20000,288000
75000,800000
93000,430000
57000,195000
30000,325000
73000,450000
65000,630000
62000,250000
85000,135000
73000,110000
55000,350000
5800,240000
350000,350000
30000,600000
20000,750000
20000,270000
100000,90000
65000,350000
90000,285000
267000,665000
250000,175000
140000,350000
22000,1225000
60000,285000
28635,1000000
32114,780000
82000,300000
95149,160000
68458,625000
42000,265000
90000,515000
30000,210000
80000,140000
128000,940000
80000,750000
100000,610000
50000,450000
56000,409999
21302,100000
100000,650000
80000,650000
105546,150000
10000,500000
80000,1000000
35000,340000
11240,800000
120000,1010000
120000,350000
70000,595000
130000,700000
40000,265000
60000,320000
110000,310000
130000,700000
80000,130000
120000,150000
104000,300000
100000,150000
132343,120000
90000,950000
60000,100000
76000,450000
60000,30000
30000,200000
96000,250000
10000,1300000
36000,425000
12997,550000
40000,500000
26430,1150000
24600,475000
28481,260000
100000,350000
41988,750000
30375,180000
7658,350000
34400,611000
18500,325000
26134,280000
28942,300000
53600,711000
53652,851000
52895,260000
42324,550000
65000,1044999
60236,550000
70000,210000
70000,210000
100000,290000
110000,250999
10300,600000
120000,270000
142000,550000
25000,800000
5000,500000
52600,535000
28643,396000
50000,600000
30000,575000
5000,520000
30000,1400000
7600,600000
47253,195000
4432,281000
110000,75000
25000,400000
70000,93000
68523,560000
5000,400000
40000,459999
43000,450000
80251,88000
34500,250000
42743,22000
93900,130000
80000,79000
110000,120000
100000,1700000
25000,300000
25000,300000
25000,145000
20000,3200000
10000,240000
30000,700000
110000,145000
80000,535000
21000,420000
20000,350000
32000,550000
180000,750000
70000,198000
50000,420000
50000,420000
120000,195000
55766,150000
40000,275000
60000,65000
50000,200000
110000,250000
1000,450000
26350,590000
110000,225000
68745,225000
132000,165000
35000,860000
47000,900000
100000,182000
80000,100000
40000,100000
27289,375000
10980,525000
24662,320000
37000,525000
28245,650000
27005,575000
39227,355000
31367,470000
35008,221000
27005,195000
86000,85000
50000,400000
20000,650000
50000,400000
80000,295000
135000,60000
120000,110000
113600,550000
70000,190000
20000,861999
14000,782000
26000,836000
138925,696000
121764,596000
105429,612000
35000,114999
60000,340000
5000,550000
70000,114999
80000,105000
20000,890000
8000,715000
54000,525000
55300,735000
11958,495000
9000,1025000
70000,750000
120000,600000
23122,475000
58000,80000
62200,325000
34000,1470000
53000,350000
49000,2800000
15000,210000
44500,349000
50000,450000
53000,1150000
63500,210000
9800,4500000
13599,825000
13000,2750000
110000,160000
100000,550000
110000,95000
90000,725000
17000,670000
140000,65000
50000,500000
53000,600000
70000,350000
70000,200000
154000,110000
80000,150000
110000,75000
90000,350000
15000,1700000
86000,890000
120000,500000
5200,600000
60000,99000
46000,235000
40000,75000
90000,600000
25000,1000000
90000,390000
70000,600000
70000,600000
35000,730000
12700,450000
80000,250000
20000,1400000
20000,300000
19000,800000
95000,125000
9500,2600000
50000,300000
90000,295000
45839,650000
74510,200000
87293,130000
156040,250000
93415,400000
101159,430000
80000,170000
12000,450000
90000,350000
68519,130000
55130,180000
65239,475000
58182,470000
91245,200000
102989,650000
50000,400000
120000,100000
90000,409999
25000,640000
80000,160000
100000,182000
70000,750000
50000,150000
100000,80000
90000,240000
60000,60000
120000,70000
90000,285000
60000,350000
30000,699000
108000,275000
160000,350000
90000,135000
120000,325000
102000,650000
178000,300000
200000,1200000
60000,450000
3000,425000
75118,150000
140000,290000
60000,335000
79000,120000
25000,20000
70000,250000
41723,120000
70000,250000
70000,220000
4637,61000
70000,620000
100000,425000
120000,85000
40000,270000
220000,180000
20000,300000
19000,800000
95000,125000
30000,450000
42655,450000
43000,250000
70000,725000
55000,250000
80000,99000
55000,350000
70000,511000
80000,300000
110000,1100000
60000,125000
30000,500000
80000,385000
90000,350000
50000,60000
50000,300000
70000,400000
110000,550000
80000,300000
156000,250000
180000,800000
25000,300000
120000,80000
11000,1200000
40000,355000
50000,520000
26000,500000
30000,114999
50000,1800000
20000,800000
30000,105000
78000,135000
40000,170000
100000,550000
70000,250000
30000,650000
77000,210000
150000,260000
69000,750000
120000,1350000
120000,220000
110000,110000
70000,1230000
110000,220000
50000,130000
44000,330000
90000,254999
50000,600000
50000,210000
146000,300000
15000,426000
60000,265000
35000,450000
80000,480000
90000,40000
70000,395000
62000,229999
10000,875000
80000,170000
35000,500000
1000,450000
10000,3800000
86000,1580000
30000,4950000
52600,535000
110000,225000
19890,550000
7104,670000
11918,625000
10510,520000
41000,239000
47162,2600000
45974,750000
49824,229999
58500,1300000
56580,80000
52000,385000
55340,760000
46507,600000
40000,450000
40000,450000
120000,550000
60000,200000
90000,80000
250000,300000
15000,675000
30000,260000
15000,500000
55766,150000
80000,100000
117000,70000
70000,100000
110000,730000
100000,525000
105000,525000
182000,550000
95000,420000
70000,500000
76000,165000
70000,650000
46000,195000
70000,75000
120000,100000
25000,1770000
90000,90000
50000,515000
24585,700000
70000,62000
110000,220000
10000,520000
100000,170000
110000,190000
100000,150000
65000,125000
40000,290000
13900,490000
17563,434999
15000,380000
82000,200000
40000,495000
173000,894999
151000,600000
50000,300000
15000,430000
80000,370000
11000,750000
50000,300000
120000,700000
70000,100000
90000,300000
185000,130000
40000,650000
25000,509999
117780,1000000
120000,280000
120000,600000
120000,210000
110000,1150000
30000,229999
30000,245000
60000,600000
25000,375000
55000,150000
20000,1450000
100000,500000
40000,75000
80000,225000
80000,275000
35000,620000
110000,600000
160000,275000
125000,125000
62000,80000
120000,199000
33000,440000
80000,250000
35000,700000
50000,450000
5000,240000
12000,350000
81595,650000
22000,71000
40000,400000
40000,130000
70000,300000
4000,1100000
24000,2200000
13500,800000
40000,490000
9700,836000
62000,375000
24000,1249000
13000,1240000
50000,35000
36000,1068000
40000,1189000
27000,700000
40000,350000
80000,254999
221000,229999
80000,750000
119000,325000
190000,760000
25000,509999
28740,363000
48500,229999
110000,290000
30000,550000
120000,125000
130000,2000000
140000,350000
90000,390000
50000,260000
50000,150000
60000,85000
15000,280000
45000,220000
80000,140000
15000,370000
20000,650000
37000,280000
80000,540000
120000,50000
20000,800000
25000,515000
96000,220000
54000,525000
53000,165000
65000,221000
43000,245000
42000,260000
73000,550000
29000,434999
95000,450000
25000,290000
53000,305000
20000,265000
57000,325000
52000,550000
40000,105000
47000,275000
47000,434999
73000,690000
42000,249000
60000,204999
50000,200000
120000,190000
50000,150000
70000,70000
25000,900000
11000,950000
80000,475000
80000,55000
75000,450000
45000,1200000
100000,300000
60000,350000
160000,229999
50000,821000
80000,200000
60000,1000000
60000,220000
148620,459999
70000,310000
42000,815000
40000,1200000
150000,170000
30000,1000000
90000,155000
120000,400000
80000,400000
80000,250000
50000,150000
70000,80000
120000,130000
70000,325000
55300,735000
74300,285000
48781,350000
87620,290000
40219,890000
11473,385000
8352,425000
9745,525000
9748,550000
49000,271000
20694,1490000
31080,490000
37605,260000
55850,455000
58850,75000
23839,421000
54000,550000
38000,330000
45454,390000
46957,599000
8000,738000
30000,300000
110000,150000
223000,440000
110000,280000
120000,100000
100000,150000
100000,380000
60000,90000
270000,300000
60000,275000
41090,180000
296823,225000
40000,200000
40000,500000
70000,300000
80000,765000
90000,650000
19000,380000
110000,480000
60000,200000
19000,380000
68000,145000
120000,280000
30000,254999
90000,300000
140000,480000
44500,850000
52000,350000
26000,650000
26000,650000
80000,550000
35000,300000
60000,150000
120000,300000
58000,80000
100000,200000
43700,220000
120000,68000
80000,180000
20000,290000
25000,300000
27483,600000
8000,470000
30000,150000
30000,400000
100000,110000
56207,180000
40000,250000
70000,80000
1440,875000
12000,425000
50000,300000
35000,700000
50000,130000
60000,1000000
67000,650000
100000,400000
60000,800000
70000,675000
50000,210000
120000,150000
100000,45000
90000,516000
80000,450000
90000,134000
157000,509999
20000,500000
80000,130000
60000,575000
49000,550000
89255,145000
5000,347000
110000,275000
200000,630000
90000,160000
63000,150000
23000,550000
100000,349000
168000,229999
90000,110000
70000,110000
5550,245000
100000,180000
80000,290000
40000,250000
100000,150000
35000,55000
75000,500000
150000,290000
16000,400000
70000,72000
115000,250000
25000,575000
10000,1300000
15000,425000
10000,470000
80000,220000
1700,310000
45217,400000
97000,215000
20000,310000
50000,750000
120000,204999
50000,260000
40000,180000
110000,125000
155000,420000
70000,220000
70000,200000
100000,130000
41000,335000
60000,2650000
56000,2675000
60000,2675000
97000,434999
60000,500000
60000,290000
48000,475000
190000,270000
80000,600000
70000,300000
80000,415000
30000,800000
44440,420000
30000,1250000
120000,270000
80000,390000
110000,400000
170000,100000
46000,850000
120000,359000
91365,470000
90010,360000
80000,250999
35000,45000
80000,75000
31800,495000
59100,310000
31200,540000
51000,665000
22700,425000
58000,1295000
50900,675000
10000,980000
60000,320000
80000,250000
72000,600000
96000,300000
66000,305000
80000,270000
90000,300000
70000,106000
75000,90000
2417,539000
100000,110000
30000,250000
50000,300000
60000,707000
120000,95000
7000,495000
35000,200000
110000,110000
130000,100000
25000,150000
35000,509999
80000,50000
70000,85000
23000,475000
40000,425000
110000,480000
10000,950000
80000,535000
25000,325000
74000,270000
60000,300000
70000,325000
100000,350000
146000,229999
120000,325000
70000,70000
120000,190000
65500,345000
70000,1025000
50000,120000
90000,114999
120000,300000
56000,340000
70000,90000
140300,150000
70000,115999
36000,425000
12997,550000
40000,500000
25000,300000
26430,1150000
24600,475000
28481,260000
100000,350000
41988,750000
7658,350000
30375,180000
34400,611000
18500,325000
48000,225000
28942,300000
50000,400000
53600,711000
53652,851000
23000,375000
10211,275000
120000,120000
120000,350000
35000,409999
130000,500000
90000,220000
80000,120000
55000,70000
15000,800000
260000,450000
145000,525000
35000,300000
56000,195000
98000,130000
135000,300000
60000,120000
120000,450000
102000,160000
35000,800000
80000,100000
13599,825000
32933,265000
54551,175000
57112,250999
41025,471000
5000,650000
5000,650000
53122,225000
64111,245000
78892,221000
74113,271000
80000,290000
39000,525000
84775,377000
20778,95000
64441,763000
43192,450000
44416,140000
79991,701000
62601,277000
50000,520000
100000,550000
97000,260000
100000,420000
100000,35000
20000,1150000
46000,680000
40000,425000
70000,450000
89600,590000
60800,936999
104000,420000
80000,450000
69111,40000
70000,520000
120000,80000
40000,55000
100000,80000
20000,210000
50000,300000
50000,260000
70000,250000
90000,80000
150000,450000
120000,310000
100000,500000
70000,800000
70000,840000
50000,490000
81000,125000
120000,400000
3600,1000000
14272,530000
49213,840000
40000,229999
40000,40000
80000,130000
70000,200000
70000,120000
57000,75000
120000,250000
30000,100000
3240,280000
5000,540000
10000,700000
90000,350000
100000,320000
90000,475000
140000,220000
13770,210000
4637,61000
100000,355000
60000,150000
80000,133000
50000,650000
40000,210000
93900,130000
70000,60000
120000,120000
40000,2900000
120000,100000
80000,79000
110000,120000
34000,125000
20000,425000
117000,70000
1500,619000
48965,415000
55000,265000
60000,70000
40000,281000
80000,211000
11000,550000
110000,350000
19890,420000
20969,270000
20194,399000
34982,440000
44588,250000
57904,650000
59258,270000
60826,390000
50000,1500000
35000,225000
110000,900000
40000,1600000
10000,800000
50000,320000
25000,300000
25000,740000
1300,350000
40000,280000
50000,675000
20000,300000
76000,400000
100000,420000
120000,300000
70000,170000
70000,210000
60000,600000
38000,260000
19000,82000
75000,690000
70000,300000
30000,1250000
31707,799000
180000,1000000
90000,190000
30000,250000
60000,200000
90000,300000
120000,250000
70000,90000
70000,68000
26500,500000
50000,900000
52000,100000
160000,700000
115992,1750000
110000,290000
97000,1050000
100000,70000
41000,520000
90000,150000
90000,120000
25000,600000
70000,150000
60000,400000
30000,310000
30000,550000
60000,550000
73000,320000
100000,50000
32000,500000
26500,360000
50000,700000
110000,700000
84000,655000
50000,700000
110000,200000
150000,375000
109052,470000
90658,550000
110000,500000
25000,210000
20000,270000
80000,300000
60000,80000
81000,1451000
15000,1085000
75000,245000
25552,700000
20000,300000
80000,350000
25000,635000
40700,325000
65500,1150000
42000,110000
8000,890000
80000,73000
77000,170000
6000,750000
28838,280000
11174,690000
120000,130000
80000,73000
85000,85000
10000,1575000
105000,325000
120000,85000
30000,860000
41000,690000
54000,650000
40000,375000
71000,525000
72500,330000
76600,280000
40000,470000
110000,350000
63000,480000
60000,620000
58000,250000
80000,78692
80000,350000
70000,250000
97700,260000
36000,640000
90000,220000
130000,465000
120000,229999
15000,425000
120000,95000
170000,170000
37500,229999
50000,45000
145000,479000
60000,370000
30000,340000
35000,620000
60000,270000
35000,400000
40000,260000
50000,48000
23800,100000
70000,490000
90000,120000
102000,125000
80000,160000
5000,190000
10000,1700000
50000,250000
15000,500000
35000,400000
20000,500000
99000,1800000
90000,320000
47000,250000
90000,105000
20000,550000
1100,600000
40000,210000
15000,210000
40000,150000
60000,125000
20000,380000
5000,600000
27000,490000
38000,545000
25000,250000
1100,1050000
100000,100000
100000,250000
110000,100000
60000,350000
70000,370000
110000,121000
44077,570000
24000,785000
30000,850000
30000,375000
40000,619000
90000,335000
50000,500000
100000,60000
50000,130000
210000,210000
20000,1900000
70000,270000
100000,225000
160000,150000
70000,173000
9422,4800000
110000,710000
20000,1500000
20000,550000
70000,58000
60000,1200000
150000,500000
83000,120000
250000,300000
30000,300000
21000,295000
80000,587000
50000,430000
50000,123000
48500,450000
60000,130000
90000,110000
240000,200000
70000,320000
50000,300000
110000,350000
50000,800000
175000,270000
60000,540000
60000,160000
100000,340000
40000,350000
100000,300000
63000,330000
80000,325000
55000,250000
55000,250000
60000,240000
5000,545000
48000,300000
80000,130000
50000,240000
15000,360000
70000,250000
105000,475000
50000,600000
80000,150000
50000,700000
5000,1290000
58000,80000
12000,425000
10000,500000
45000,193000
10000,800000
50000,150000
40000,80000
100000,130000
80000,280000
110000,229999
120000,80000
10000,70000
60000,240000
72000,380000
60000,240000
110000,80000
50000,265000
25000,320000
120000,500000
55000,1300000
35000,1500000
110000,1800000
80000,600000
80000,420000
120000,140000
100000,300000
60000,100000
25000,350000
19000,850000
54000,140000
17100,550000
19000,525000
146000,470000
98000,900000
224642,500000
120000,80000
175000,175000
15000,1350000
50000,800000
15000,250000
25000,700000
25000,800000
69000,660000
60000,465000
222435,180000
66000,600000
110000,150000
78000,450000
10000,721000
35000,300000
10000,1000000
40000,300000
120000,450000
70000,79000
40000,545000
20000,844999
93000,700000
159000,650000
75000,525000
101100,110000
66000,180000
30000,280000
10000,400000
126000,625000
70000,535000
50000,459999
100000,300000
60000,280000
70000,500000
1200,1200000
40000,300000
80000,180000
134444,180000
120000,78000
120000,160000
238000,600000
100000,110000
110000,450000
35000,1350000
165000,120000
42000,1040000
70000,390000
60000,65000
115000,320000
70000,720000
80000,220000
65000,225000
150000,200000
75000,434999
63700,300000
74800,700000
105000,500000
40000,500000
90000,400000
75000,825000
15000,720000
30000,110000
100000,600000
155000,275000
149000,2349000
60000,740000
90000,800000
100000,1100000
100000,750000
90000,200000
75000,210000
120000,270000
90000,630000
55000,375000
70000,300000
95000,580000
50000,550000
50000,750000
60516,250000
235000,434999
76731,900000
64000,685000
65000,540000
13000,1165000
77000,610000
24000,254999
63840,280000
25000,370000
76400,459999
70000,42000
70000,42000
80000,190000
100000,165000
40000,710000
15000,1200000
70000,229999
15000,310000
40000,320000
54000,100000
90000,160000
52000,60000
200000,100000
35000,350000
60000,700000
31489,300000
40000,830000
110000,220000
50000,130000
44000,330000
90000,254999
50000,600000
50000,210000
81366,120000
110000,95000
300000,229999
70000,229999
100000,400000
70000,300000
50000,300000
180000,80000
50000,80000
90000,100000
110000,300000
26000,700000
65000,975000
130000,500000
75000,550000
110000,550000
50000,240000
80000,50000
80000,120000
60000,900000
90000,250000
36000,280000
87000,85000
80000,90000
50000,500000
60000,200000
50000,250000
40000,185000
60000,100000
55000,610000
80000,290000
295000,300000
80000,225000
50000,320000
158000,135000
400000,400000
25000,400000
35000,570000
12000,500000
70000,130000
4000,360000
10832,530000
50000,250000
19495,600000
62668,570000
85710,850000
55130,250000
63356,580000
129627,1680000
15000,180000
50000,300000
70000,269000
20000,231999
60000,150000
5000,495000
15000,700000
4400,400000
15000,599000
45000,421000
1000,841000
38500,295000
25000,220000
35000,250000
110000,1100000
40000,300000
110000,80000
20000,215000
14987,245000
25061,650000
42494,760000
44875,395000
89741,280000
65000,495000
35000,525000
347089,420000
34500,210000
30000,650000
39000,2300000
16000,525000
80000,195000
60000,650000
110000,540000
61000,180000
29000,750000
50000,980000
90000,250000
35000,550000
43000,509999
50000,320000
25000,275000
222252,550000
50000,145000
80000,250000
35000,520000
85000,95000
110000,725000
70000,55000
100000,600000
120000,330000
89000,470000
120000,365000
40000,250000
17000,430000
125000,400000
110000,615000
120000,150000
90000,240000
90000,800000
110000,240000
87000,600000
15000,800000
70000,160000
38000,350000
64000,300000
55250,399000
110000,300000
70000,150000
60000,320000
17000,1280000
13000,300000
60000,1000000
120000,1090000
97000,450000
130000,60000
50000,500000
120000,200000
68000,650000
100000,60000
80000,250999
67000,185000
60000,155000
5000,600000
20000,300000
12500,850000
4000,470000
25000,600000
70000,700000
162000,70000
205000,1250000
70000,650000
70000,450000
100000,750000
70000,775000
220000,800000
80000,360000
120000,250000
22038,1490000
80000,600000
90000,120000
140000,320000
120000,400000
60000,302000
80000,130000
60000,150000
90000,200000
80000,950000
175000,120000
10000,1400000
65000,620000
90000,449000
70000,100000
2500,600000
35000,700000
40000,250000
63000,550000
88000,675000
55000,530000
71014,325000
60000,370000
70000,360000
60000,650000
92000,199000
89126,285000
134000,260000
15000,869999
42500,425000
42000,490000
70000,750000
110000,125000
131365,221000
48980,724000
46000,440000
60000,70000
58000,511000
22000,790000
37000,640000
70000,120000
98900,126000
125000,120000
60000,650000
80000,450000
80000,110000
40000,600000
80000,620000
30000,600000
35000,795000
180000,300000
60000,495000
86000,1580000
127643,1750000
34000,1350000
145000,350000
25000,300000
54000,400000
102354,1750000
70000,70000
70000,500000
36000,2575000
58000,345000
100000,220000
62237,1850000
90000,114999
100000,50000
14000,585000
21394,950000
13800,625000
23000,1035000
32686,310000
99700,600000
5000,3100000
49654,650000
45457,550000
39221,1260000
48220,660000
11114,700000
60208,235000
80000,475000
98600,795000
13000,8900000
30000,3200000
18000,1860000
100000,4200000
58000,850000
85441,585000
64541,380000
35000,650000
30000,600000
16267,434999
71500,525000
12999,4800000
80000,160000
90000,160000
28000,125000
200000,430000
14700,900000
90000,61000
50000,400000
100000,150000
24000,950000
100000,220000
90000,110000
30000,375000
80000,350000
92686,310000
300000,90000
90000,350000
60000,100000
40000,1300000
90000,70000
80000,225000
100000,145000
20000,930000
51000,550000
120000,85000
55000,280000
6000,360000
40000,150000
15000,900000
50000,120000
90000,215000
38500,550000
35000,775000
49359,409999
70000,65000
90000,200000
50000,240000
108731,800000
120000,400000
60000,500000
90000,150000
140000,500000
80000,320000
90000,300000
40000,650000
14000,285000
70000,360000
55000,450000
60000,175000
74000,350000
45000,530000
38000,1025000
24000,950000
29976,725000
41000,919999
15000,700000
36000,725000
30646,840000
23600,365000
71318,665000
78098,50000
30000,225000
45000,229999
67000,145000
14681,624000
25000,500000
18054,750000
40000,785000
30000,225000
80000,300000
20000,680000
40000,700000
120000,180000
120000,270000
97000,370000
70000,1100000
120000,120000
88000,430000
38406,550000
54350,320000
32260,390000
58231,550000
59858,370000
73350,190000
88473,509999
96987,450000
77350,5500000
61187,550000
68350,400000
81150,585000
30000,500000
30000,800000
120000,265000
180000,175000
50000,125000
80000,165000
280000,150000
90000,1025000
250000,1030000
90000,380000
110000,250000
80000,85000
35000,500000
15000,350000
52000,190000
140000,940000
60000,475000
17000,300000
70000,250000
97000,93000
125000,290000
300000,75000
120000,1000000
87000,550000
75000,285000
60000,240000
25000,850000
26000,650000
78000,365000
26000,650000
35000,260000
100000,250000
80000,550000
90000,70000
80000,225000
100000,145000
20000,930000
51000,550000
120000,85000
55000,280000
6000,360000
40000,150000
15000,900000
50000,120000
90000,215000
38500,550000
35000,775000
49359,409999
70000,65000
90000,200000
50000,240000
108731,800000
120000,400000
40000,229999
120000,580000
100000,175000
110000,250000
80000,320000
90000,300000
60000,800000
75000,245000
20000,300000
80000,350000
105700,70000
14000,430999
70000,80000
28000,335000
51000,350000
56000,315000
35000,1100000
24000,80000
64000,285000
120000,100000
37091,225000
80000,4500000
38900,320000
60000,1249000
110000,120000
100000,200000
85000,1151000
140000,120000
20000,220000
15000,750000
40000,784000
50000,500000
20000,350000
50000,1400000
100000,600000
9400,525000
12000,930000
14100,440000
21000,434999
28000,250000
35000,940000
31000,1050000
58000,825000
25000,229999
72000,375000
89000,640000
160000,800000
30000,130000
37555,300000
14000,440000
56600,595000
110000,450000
50000,690000
5000,300000
100000,170000
120000,280000
67580,220000
100000,140000
60000,45000
125000,200000
120000,325000
130000,300000
250000,120000
52600,535000
82000,520000
19890,550000
40000,280000
78000,225000
48238,750000
38365,535000
23670,1250000
49834,650000
57353,295000
68308,480000
63240,575000
60000,509999
100000,69000
60000,200000
90000,449000
1000,426000
6000,650000
50000,260000
90000,295000
30000,260000
140000,120000
65000,155000
38000,450000
80000,320000
50000,123000
110000,80000
90000,220000
37000,650000
30000,285000
26000,725000
128000,97000
30000,625000
23000,550000
120000,130000
40000,240000
27000,600000
65000,350000
32000,245000
52536,199000
100000,330000
80000,150000
90000,927999
60000,70000
55000,399000
90000,350000
50000,125000
90000,150000
25000,250000
61000,675000
30000,950000
45000,409999
60000,225000
75000,350000
140000,51111
56000,290000
62000,310000
58000,212000
49000,900000
56000,221000
73000,675000
69000,421000
10000,350000
110000,140000
116000,90000
40000,830000
30000,180000
109000,210000
90000,700000
7000,45000
120000,125000
64916,530000
37161,800000
15000,580000
118000,1400000
50852,300000
30000,300000
77000,700000
70000,250000
120000,500000
40000,428000
33000,1400000
53500,219000
40000,500000
82000,520000
60000,509999
24000,556000
120000,225000
65000,325000
65000,365000
84000,850000
75000,350000
50000,225000
50000,135000
49000,140000
560000,665000
14365,275000
41000,2750000
65000,484999
65000,565000
61083,425000
75000,925000
72000,565000
65000,525000
60000,409999
5000,570000
80000,160000
51500,749000
120000,300000
79800,550000
97000,550000
6590,1250000
49957,700000
43235,600000
50699,925000
126000,1800000
140730,459999
46000,565000
80000,170000
256000,150000
120000,295000
40000,819999
40000,819999
40000,320000
135000,550000
50000,550000
98000,590000
70000,1050000
50000,950000
30000,1000000
120000,500000
70000,450000
35000,720000
70000,390000
35000,500000
70000,2500000
50000,780000
90000,484999
90000,420000
70000,1225000
50000,350000
120000,350000
230000,800000
70000,125000
100000,75000
15000,509999
80000,215000
25000,465000
52000,625000
66000,490000
64000,880000
49000,290000
100000,115999
72000,685000
50000,300000
44000,680000
101000,480000
55000,630000
115000,190000
100000,500000
52000,850000
105000,350000
170000,425000
105000,495000
60000,890000
25000,1100000
218000,650000
25000,465000
52000,625000
66000,490000
64000,880000
49000,290000
100000,115999
72000,685000
50000,300000
44000,680000
101000,480000
55000,630000
115000,190000
100000,500000
52000,850000
105000,350000
170000,425000
105000,495000
60000,890000
25000,1100000
218000,650000
58000,233000
110000,300000
1000,614000
100000,250000
110000,250000
40000,200000
52000,290000
80000,320000
52000,145000
124000,100000
210000,130000
66000,145000
120000,110000
40000,680000
90000,37500
120000,200000
110000,300000
56580,80000
45000,740000
50000,630000
68500,70000
5007,484999
30000,164000
70000,140000
49600,999000
23000,56000
30000,1050000
38000,190000
22000,3899000
40000,150000
43100,235000
15000,599000
35000,200000
10171,350000
41123,465000
20118,1900000
15000,1000000
10000,2800000
170000,470000
20000,415000
82000,500000
60000,150000
50000,95000
70000,400000
66782,114999
130000,75000
120000,500000
75000,195000
40000,155000
90000,65000
150000,65000
60000,190000
112198,200000
60000,160000
130000,150000
175000,530000
120000,750000
90000,225000
170000,600000
80000,409999
80000,409999
83000,110000
90000,865000
40000,225000
